Workbook

Sheet Style Guide
A1: KITEFALL – Image Art Style Guide
A3: Art direction | B3: Classical South Asian miniature painting + premium mobile game polish. Hand-painted gouache feel, fine gold-leaf ornament, warm golden-hour light. Elegant, festive, friendly – never dark or violent.
A4: Master style prompt (add to every prompt) | B4: classical hand-painted South Asian miniature painting style blended with premium mobile game art, gouache and watercolour texture on aged ivory wasli paper, fine gold-leaf filigree accents, warm golden-hour light, rich jewel tones (saffron, indigo, vermilion, emerald, ivory, antique gold), delicate brushwork, elegant composition, crisp readable silhouette, masterpiece, highly detailed, original design
A5: Icon add-on | B5: single object centred, isolated on a plain transparent background, three-quarter view, soft painted shading, thin antique-gold outline, readable at 64 px, no background scenery
A6: Scene add-on | B6: cinematic wide composition, layered depth, soft atmospheric haze, festival sky full of colourful paper kites
A7: Master negative prompt | B7: text, letters, numbers, watermark, logo, brand name, signature, frame text, blurry, low resolution, jpeg artifacts, photograph, plastic 3D render, oversaturated neon, extra fingers, deformed hands, distorted face, glass-coated string, metal wire string, nylon string, blades, blood, weapons, real-world flags, copyrighted characters
A8: Colour palette | B8: Saffron #FF8C1A · Vermilion #F25A3C · Indigo #3A2A6B · Royal blue #2F6FDB · Emerald/Jade #1F8F5F · Mustard #F5C400 · Ivory #F4EFE6 · Antique gold #B08A2E · Teal #21A6A6
A9: Consistency | B9: Generate all items of one category in the same session with the same seed/style reference. Use one approved image as the style reference (image prompt / --sref / IP-Adapter) for the rest.
A10: Text in images | B10: NEVER let AI draw text. All words (logo name, mode names, prices) are added by the designer or by the game UI.
A11: SAFETY rule (kite string) | B11: Kite string (dor) must look like natural cotton or silk-like thread only. Never show glass-coated, metal or nylon string, blades or injuries.
A12: Originality | B12: All art must be original. No brand logos, no real celebrities, no characters from other games/films, no copied photos. Characters are fictional adults (18+ look).
A13: Icons | B13: Transparent PNG, object centred with ~8 % padding, same light direction (top-left) for every icon. Check readability by shrinking to 64 px.
A14: Kite skins | B14: Flat front-on sail texture filling the square – it is UV-mapped onto the 3D kite. No sky, no sticks, no perspective.
... A17: Licence check | B17: Use an AI tool whose terms allow commercial use, and keep the prompt + date for every final image (record it in the 'Status / notes' column).

Sheet Summary
A1: Category | B1: Images | C1: Critical | D1: Done (Approved / In Unity)
A2: Branding | B2: =COUNTIF('Image List'!B2:B279,A2) | C2: =COUNTIFS('Image List'!B2:B279,A2,'Image List'!G2:G279,"Critical") | D2: =COUNTIFS('Image List'!B2:B279,A2,'Image List'!K2:K279,"Approved")+COUNTIFS('Image List'!B2:B279,A2,'Image List'!K2:K279,"In Unity")
A3: Loading screens | B3: =COUNTIF('Image List'!B2:B279,A3) | C3: =COUNTIFS('Image List'!B2:B279,A3,'Image List'!G2:G279,"Critical") | D3: =COUNTIFS('Image List'!B2:B279,A3,'Image List'!K2:K279,"Approved")+COUNTIFS('Image List'!B2:B279,A3,'Image List'!K2:K279,"In Unity")
A4: Store listing | B4: =COUNTIF('Image List'!B2:B279,A4) | C4: =COUNTIFS('Image List'!B2:B279,A4,'Image List'!G2:G279,"Critical") | D4: =COUNTIFS('Image List'!B2:B279,A4,'Image List'!K2:K279,"Approved")+COUNTIFS('Image List'!B2:B279,A4,'Image List'!K2:K279,"In Unity")
A5: Menu backgrounds | B5: =COUNTIF('Image List'!B2:B279,A5) | C5: =COUNTIFS('Image List'!B2:B279,A5,'Image List'!G2:G279,"Critical") | D5: =COUNTIFS('Image List'!B2:B279,A5,'Image List'!K2:K279,"Approved")+COUNTIFS('Image List'!B2:B279,A5,'Image List'!K2:K279,"In Unity")
A6: Kites | B6: =COUNTIF('Image List'!B2:B279,A6) | C6: =COUNTIFS('Image List'!B2:B279,A6,'Image List'!G2:G279,"Critical") | D6: =COUNTIFS('Image List'!B2:B279,A6,'Image List'!K2:K279,"Approved")+COUNTIFS('Image List'!B2:B279,A6,'Image List'!K2:K279,"In Unity")
A7: Kite skins | B7: =COUNTIF('Image List'!B2:B279,A7) | C7: =COUNTIFS('Image List'!B2:B279,A7,'Image List'!G2:G279,"Critical") | D7: =COUNTIFS('Image List'!B2:B279,A7,'Image List'!K2:K279,"Approved")+COUNTIFS('Image List'!B2:B279,A7,'Image List'!K2:K279,"In Unity")
A8: Dum (tails) | B8: =COUNTIF('Image List'!B2:B279,A8) | C8: =COUNTIFS('Image List'!B2:B279,A8,'Image List'!G2:G279,"Critical") | D8: =COUNTIFS('Image List'!B2:B279,A8,'Image List'!K2:K279,"Approved")+COUNTIFS('Image List'!B2:B279,A8,'Image List'!K2:K279,"In Unity")
A9: Dor (string) | B9: =COUNTIF('Image List'!B2:B279,A9) | C9: =COUNTIFS('Image List'!B2:B279,A9,'Image List'!G2:G279,"Critical") | D9: =COUNTIFS('Image List'!B2:B279,A9,'Image List'!K2:K279,"Approved")+COUNTIFS('Image List'!B2:B279,A9,'Image List'!K2:K279,"In Unity")
A10: Charkhi (spool) | B10: =COUNTIF('Image List'!B2:B279,A10) | C10: =COUNTIFS('Image List'!B2:B279,A10,'Image List'!G2:G279,"Critical") | D10: =COUNTIFS('Image List'!B2:B279,A10,'Image List'!K2:K279,"Approved")+COUNTIFS('Image List'!B2:B279,A10,'Image List'!K2:K279,"In Unity")
A11: Tuning | B11: =COUNTIF('Image List'!B2:B279,A11) | C11: =COUNTIFS('Image List'!B2:B279,A11,'Image List'!G2:G279,"Critical") | D11: =COUNTIFS('Image List'!B2:B279,A11,'Image List'!K2:K279,"Approved")+COUNTIFS('Image List'!B2:B279,A11,'Image List'!K2:K279,"In Unity")
A12: Characters | B12: =COUNTIF('Image List'!B2:B279,A12) | C12: =COUNTIFS('Image List'!B2:B279,A12,'Image List'!G2:G279,"Critical") | D12: =COUNTIFS('Image List'!B2:B279,A12,'Image List'!K2:K279,"Approved")+COUNTIFS('Image List'!B2:B279,A12,'Image List'!K2:K279,"In Unity")
A13: Outfits | B13: =COUNTIF('Image List'!B2:B279,A13) | C13: =COUNTIFS('Image List'!B2:B279,A13,'Image List'!G2:G279,"Critical") | D13: =COUNTIFS('Image List'!B2:B279,A13,'Image List'!K2:K279,"Approved")+COUNTIFS('Image List'!B2:B279,A13,'Image List'!K2:K279,"In Unity")
A14: Accessories | B14: =COUNTIF('Image List'!B2:B279,A14) | C14: =COUNTIFS('Image List'!B2:B279,A14,'Image List'!G2:G279,"Critical") | D14: =COUNTIFS('Image List'!B2:B279,A14,'Image List'!K2:K279,"Approved")+COUNTIFS('Image List'!B2:B279,A14,'Image List'!K2:K279,"In Unity")
A15: Emotes | B15: =COUNTIF('Image List'!B2:B279,A15) | C15: =COUNTIFS('Image List'!B2:B279,A15,'Image List'!G2:G279,"Critical") | D15: =COUNTIFS('Image List'!B2:B279,A15,'Image List'!K2:K279,"Approved")+COUNTIFS('Image List'!B2:B279,A15,'Image List'!K2:K279,"In Unity")
A16: Arenas | B16: =COUNTIF('Image List'!B2:B279,A16) | C16: =COUNTIFS('Image List'!B2:B279,A16,'Image List'!G2:G279,"Critical") | D16: =COUNTIFS('Image List'!B2:B279,A16,'Image List'!K2:K279,"Approved")+COUNTIFS('Image List'!B2:B279,A16,'Image List'!K2:K279,"In Unity")
A17: Game modes | B17: =COUNTIF('Image List'!B2:B279,A17) | C17: =COUNTIFS('Image List'!B2:B279,A17,'Image List'!G2:G279,"Critical") | D17: =COUNTIFS('Image List'!B2:B279,A17,'Image List'!K2:K279,"Approved")+COUNTIFS('Image List'!B2:B279,A17,'Image List'!K2:K279,"In Unity")
A18: Roof traits | B18: =COUNTIF('Image List'!B2:B279,A18) | C18: =COUNTIFS('Image List'!B2:B279,A18,'Image List'!G2:G279,"Critical") | D18: =COUNTIFS('Image List'!B2:B279,A18,'Image List'!K2:K279,"Approved")+COUNTIFS('Image List'!B2:B279,A18,'Image List'!K2:K279,"In Unity")
A19: Currency | B19: =COUNTIF('Image List'!B2:B279,A19) | C19: =COUNTIFS('Image List'!B2:B279,A19,'Image List'!G2:G279,"Critical") | D19: =COUNTIFS('Image List'!B2:B279,A19,'Image List'!K2:K279,"Approved")+COUNTIFS('Image List'!B2:B279,A19,'Image List'!K2:K279,"In Unity")
A20: Shop | B20: =COUNTIF('Image List'!B2:B279,A20) | C20: =COUNTIFS('Image List'!B2:B279,A20,'Image List'!G2:G279,"Critical") | D20: =COUNTIFS('Image List'!B2:B279,A20,'Image List'!K2:K279,"Approved")+COUNTIFS('Image List'!B2:B279,A20,'Image List'!K2:K279,"In Unity")
A21: Season pass | B21: =COUNTIF('Image List'!B2:B279,A21) | C21: =COUNTIFS('Image List'!B2:B279,A21,'Image List'!G2:G279,"Critical") | D21: =COUNTIFS('Image List'!B2:B279,A21,'Image List'!K2:K279,"Approved")+COUNTIFS('Image List'!B2:B279,A21,'Image List'!K2:K279,"In Unity")
A22: Sky crates | B22: =COUNTIF('Image List'!B2:B279,A22) | C22: =COUNTIFS('Image List'!B2:B279,A22,'Image List'!G2:G279,"Critical") | D22: =COUNTIFS('Image List'!B2:B279,A22,'Image List'!K2:K279,"Approved")+COUNTIFS('Image List'!B2:B279,A22,'Image List'!K2:K279,"In Unity")
A23: Rewards | B23: =COUNTIF('Image List'!B2:B279,A23) | C23: =COUNTIFS('Image List'!B2:B279,A23,'Image List'!G2:G279,"Critical") | D23: =COUNTIFS('Image List'!B2:B279,A23,'Image List'!K2:K279,"Approved")+COUNTIFS('Image List'!B2:B279,A23,'Image List'!K2:K279,"In Unity")
A24: Rank badges | B24: =COUNTIF('Image List'!B2:B279,A24) | C24: =COUNTIFS('Image List'!B2:B279,A24,'Image List'!G2:G279,"Critical") | D24: =COUNTIFS('Image List'!B2:B279,A24,'Image List'!K2:K279,"Approved")+COUNTIFS('Image List'!B2:B279,A24,'Image List'!K2:K279,"In Unity")
A25: Effects | B25: =COUNTIF('Image List'!B2:B279,A25) | C25: =COUNTIFS('Image List'!B2:B279,A25,'Image List'!G2:G279,"Critical") | D25: =COUNTIFS('Image List'!B2:B279,A25,'Image List'!K2:K279,"Approved")+COUNTIFS('Image List'!B2:B279,A25,'Image List'!K2:K279,"In Unity")
A26: Quick chat | B26: =COUNTIF('Image List'!B2:B279,A26) | C26: =COUNTIFS('Image List'!B2:B279,A26,'Image List'!G2:G279,"Critical") | D26: =COUNTIFS('Image List'!B2:B279,A26,'Image List'!K2:K279,"Approved")+COUNTIFS('Image List'!B2:B279,A26,'Image List'!K2:K279,"In Unity")
A27: HUD | B27: =COUNTIF('Image List'!B2:B279,A27) | C27: =COUNTIFS('Image List'!B2:B279,A27,'Image List'!G2:G279,"Critical") | D27: =COUNTIFS('Image List'!B2:B279,A27,'Image List'!K2:K279,"Approved")+COUNTIFS('Image List'!B2:B279,A27,'Image List'!K2:K279,"In Unity")
A28: Missions | B28: =COUNTIF('Image List'!B2:B279,A28) | C28: =COUNTIFS('Image List'!B2:B279,A28,'Image List'!G2:G279,"Critical") | D28: =COUNTIFS('Image List'!B2:B279,A28,'Image List'!K2:K279,"Approved")+COUNTIFS('Image List'!B2:B279,A28,'Image List'!K2:K279,"In Unity")
A29: Onboarding | B29: =COUNTIF('Image List'!B2:B279,A29) | C29: =COUNTIFS('Image List'!B2:B279,A29,'Image List'!G2:G279,"Critical") | D29: =COUNTIFS('Image List'!B2:B279,A29,'Image List'!K2:K279,"Approved")+COUNTIFS('Image List'!B2:B279,A29,'Image List'!K2:K279,"In Unity")
A30: Environment textures | B30: =COUNTIF('Image List'!B2:B279,A30) | C30: =COUNTIFS('Image List'!B2:B279,A30,'Image List'!G2:G279,"Critical") | D30: =COUNTIFS('Image List'!B2:B279,A30,'Image List'!K2:K279,"Approved")+COUNTIFS('Image List'!B2:B279,A30,'Image List'!K2:K279,"In Unity")
A31: TOTAL | B31: =SUM(B2:B30) | C31: =SUM(C2:C30) | D31: =SUM(D2:D30)

Sheet Image List
A1: # | B1: Category | C1: File name | D1: Size (px) | E1: Format | F1: Where used in game | G1: Priority | H1: Designer note | I1: AI prompt | J1: Negative prompt | K1: Status | L1: Status / notes
A2: 1 | B2: Branding | C2: app_icon.png | D2: 1024x1024 (export 512x512 for Play Store) | E2: PNG (no transparency) | F2: Android launcher + Google Play listing | G2: Critical | H2: Must read at 48 px. One bold kite, no text. Keep important art inside the centre 66 % (Android masks corners). | I2: A single majestic diamond-shaped paper kite in saffron and vermilion with an ornate gold-leaf mandala pattern, soaring against a glowing sunset sky, flowing ribbon tail curling around it, classical hand-painted South Asian miniature painting style blended with premium mobile game art, gouache and watercolour texture on aged ivory wasli paper, fine gold-leaf filigree accents, warm golden-hour light, rich jewel tones (saffron, indigo, vermilion, emerald, ivory, antique gold), delicate brushwork, elegant composition, crisp readable silhouette, masterpiece, highly detailed, original design, bold simple icon composition, high contrast | J2: text, letters, numbers, watermark, logo, brand name, signature, frame text, blurry, low resolution, jpeg artifacts, photograph, plastic 3D render, oversaturated neon, extra fingers, deformed hands, distorted face, glass-coated string, metal wire string, nylon string, blades, blood, weapons, real-world flags, copyrighted characters | K2: To do
A3: 2 | B3: Branding | C3: icon_adaptive_foreground.png | D3: 432x432 | E3: PNG (transparent) | F3: Android adaptive icon foreground layer | G3: Critical | H3: Same kite as app_icon, alone, inside the centre 288x288 safe zone. Transparent around it. | I3: The same ornate saffron and vermilion diamond paper kite with curling ribbon tail, centred, single object centred, isolated on a plain transparent background, three-quarter view, soft painted shading, thin antique-gold outline, readable at 64 px, no background scenery, classical hand-painted South Asian miniature painting style blended with premium mobile game art, gouache and watercolour texture on aged ivory wasli paper, fine gold-leaf filigree accents, warm golden-hour light, rich jewel tones (saffron, indigo, vermilion, emerald, ivory, antique gold), delicate brushwork, elegant composition, crisp readable silhouette, masterpiece, highly detailed, original design | J3: text, letters, numbers, watermark, logo, brand name, signature, frame text, blurry, low resolution, jpeg artifacts, photograph, plastic 3D render, oversaturated neon, extra fingers, deformed hands, distorted face, glass-coated string, metal wire string, nylon string, blades, blood, weapons, real-world flags, copyrighted characters, background scenery, cropped object, multiple objects, drop shadow box | K3: To do
A4: 3 | B4: Branding | C4: icon_adaptive_background.png | D4: 432x432 | E4: PNG | F4: Android adaptive icon background layer | G4: Critical | H4: Only a soft sky gradient with faint gold pattern. No objects. | I4: Soft warm sunset sky gradient from deep indigo to saffron with very faint gold-leaf geometric jali pattern, seamless, no objects, classical hand-painted South Asian miniature painting style blended with premium mobile game art, gouache and watercolour texture on aged ivory wasli paper, fine gold-leaf filigree accents, warm golden-hour light, rich jewel tones (saffron, indigo, vermilion, emerald, ivory, antique gold), delicate brushwork, elegant composition, crisp readable silhouette, masterpiece, highly detailed, original design | J4: text, letters, numbers, watermark, logo, brand name, signature, frame text, blurry, low resolution, jpeg artifacts, photograph, plastic 3D render, oversaturated neon, extra fingers, deformed hands, distorted face, glass-coated string, metal wire string, nylon string, blades, blood, weapons, real-world flags, copyrighted characters | K4: To do
A5: 4 | B5: Branding | C5: logo_kitefall.png | D5: 2048x1024 | E5: PNG (transparent) | F5: Title screen, splash, store art | G5: Critical | H5: AI cannot write text well – generate the ORNAMENT ONLY, then the designer adds the word 'KITEFALL' by hand in a custom calligraphic font. | I5: Ornamental title cartouche emblem with empty centre space for a word, gold-leaf arabesque scrollwork, a small paper kite and ribbon flourish on the left, symmetrical, isolated on transparent background, classical hand-painted South Asian miniature painting style blended with premium mobile game art, gouache and watercolour texture on aged ivory wasli paper, fine gold-leaf filigree accents, warm golden-hour light, rich jewel tones (saffron, indigo, vermilion, emerald, ivory, antique gold), delicate brushwork, elegant composition, crisp readable silhouette, masterpiece, highly detailed, original design | J5: text, letters, numbers, watermark, logo, brand name, signature, frame text, blurry, low resolution, jpeg artifacts, photograph, plastic 3D render, oversaturated neon, extra fingers, deformed hands, distorted face, glass-coated string, metal wire string, nylon string, blades, blood, weapons, real-world flags, copyrighted characters, background scenery, cropped object, multiple objects, drop shadow box | K5: To do
A6: 5 | B6: Branding | C6: splash_screen.png | D6: 2400x1080 (landscape) | E6: PNG/JPG | F6: Unity splash / first loading screen | G6: Critical | H6: Leave the centre-top clear for the logo. Keep key art in the middle 1920x1080 so 16:9 and 20:9 phones both look good. | I6: Breathtaking panoramic view of an old walled city at golden hour, dense stacked brick rooftops with carved wooden balconies, hundreds of colourful paper kites filling the sky, a young flyer silhouetted on a rooftop holding a wooden spool, cinematic wide composition, layered depth, soft atmospheric haze, festival sky full of colourful paper kites, classical hand-painted South Asian miniature painting style blended with premium mobile game art, gouache and watercolour texture on aged ivory wasli paper, fine gold-leaf filigree accents, warm golden-hour light, rich jewel tones (saffron, indigo, vermilion, emerald, ivory, antique gold), delicate brushwork, elegant composition, crisp readable silhouette, masterpiece, highly detailed, original design | J6: text, letters, numbers, watermark, logo, brand name, signature, frame text, blurry, low resolution, jpeg artifacts, photograph, plastic 3D render, oversaturated neon, extra fingers, deformed hands, distorted face, glass-coated string, metal wire string, nylon string, blades, blood, weapons, real-world flags, copyrighted characters | K6: To do
A7: 6 | B7: Loading screens | C7: loading_01_oldcity.jpg | D7: 2400x1080 (landscape) | E7: JPG (quality 85) | F7: Random loading screen behind the progress bar + tips | G7: High | H7: Bottom 20 % will be covered by the loading bar and tip text – keep it calm (sky or ground). | I7: children and families on old city rooftops at sunrise preparing kites, marigold garlands and string lights, cinematic wide composition, layered depth, soft atmospheric haze, festival sky full of colourful paper kites, classical hand-painted South Asian miniature painting style blended with premium mobile game art, gouache and watercolour texture on aged ivory wasli paper, fine gold-leaf filigree accents, warm golden-hour light, rich jewel tones (saffron, indigo, vermilion, emerald, ivory, antique gold), delicate brushwork, elegant composition, crisp readable silhouette, masterpiece, highly detailed, original design | J7: text, letters, numbers, watermark, logo, brand name, signature, frame text, blurry, low resolution, jpeg artifacts, photograph, plastic 3D render, oversaturated neon, extra fingers, deformed hands, distorted face, glass-coated string, metal wire string, nylon string, blades, blood, weapons, real-world flags, copyrighted characters | K7: To do
A8: 7 | B8: Loading screens | C8: loading_02_coast.jpg | D8: 2400x1080 (landscape) | E8: JPG (quality 85) | F8: Random loading screen behind the progress bar + tips | G8: High | H8: Bottom 20 % will be covered by the loading bar and tip text – keep it calm (sky or ground). | I8: seaside cliff houses painted white and teal, kites flying over a turquoise sea with fishing boats, cinematic wide composition, layered depth, soft atmospheric haze, festival sky full of colourful paper kites, classical hand-painted South Asian miniature painting style blended with premium mobile game art, gouache and watercolour texture on aged ivory wasli paper, fine gold-leaf filigree accents, warm golden-hour light, rich jewel tones (saffron, indigo, vermilion, emerald, ivory, antique gold), delicate brushwork, elegant composition, crisp readable silhouette, masterpiece, highly detailed, original design | J8: text, letters, numbers, watermark, logo, brand name, signature, frame text, blurry, low resolution, jpeg artifacts, photograph, plastic 3D render, oversaturated neon, extra fingers, deformed hands, distorted face, glass-coated string, metal wire string, nylon string, blades, blood, weapons, real-world flags, copyrighted characters | K8: To do
A9: 8 | B9: Loading screens | C9: loading_03_river.jpg | D9: 2400x1080 (landscape) | E9: JPG (quality 85) | F9: Random loading screen behind the progress bar + tips | G9: High | H9: Bottom 20 % will be covered by the loading bar and tip text – keep it calm (sky or ground). | I9: a riverside spring festival with lantern boats, temple steps and kites reflected in calm water, cinematic wide composition, layered depth, soft atmospheric haze, festival sky full of colourful paper kites, classical hand-painted South Asian miniature painting style blended with premium mobile game art, gouache and watercolour texture on aged ivory wasli paper, fine gold-leaf filigree accents, warm golden-hour light, rich jewel tones (saffron, indigo, vermilion, emerald, ivory, antique gold), delicate brushwork, elegant composition, crisp readable silhouette, masterpiece, highly detailed, original design | J9: text, letters, numbers, watermark, logo, brand name, signature, frame text, blurry, low resolution, jpeg artifacts, photograph, plastic 3D render, oversaturated neon, extra fingers, deformed hands, distorted face, glass-coated string, metal wire string, nylon string, blades, blood, weapons, real-world flags, copyrighted characters | K9: To do
A10: 9 | B10: Loading screens | C10: loading_04_royal.jpg | D10: 2400x1080 (landscape) | E10: JPG (quality 85) | F10: Random loading screen behind the progress bar + tips | G10: High | H10: Bottom 20 % will be covered by the loading bar and tip text – keep it calm (sky or ground). | I10: a grand palace garden with marble pavilions, fountains and royal kite flyers on terraces, cinematic wide composition, layered depth, soft atmospheric haze, festival sky full of colourful paper kites, classical hand-painted South Asian miniature painting style blended with premium mobile game art, gouache and watercolour texture on aged ivory wasli paper, fine gold-leaf filigree accents, warm golden-hour light, rich jewel tones (saffron, indigo, vermilion, emerald, ivory, antique gold), delicate brushwork, elegant composition, crisp readable silhouette, masterpiece, highly detailed, original design | J10: text, letters, numbers, watermark, logo, brand name, signature, frame text, blurry, low resolution, jpeg artifacts, photograph, plastic 3D render, oversaturated neon, extra fingers, deformed hands, distorted face, glass-coated string, metal wire string, nylon string, blades, blood, weapons, real-world flags, copyrighted characters | K10: To do
A11: 10 | B11: Loading screens | C11: loading_05_mountain.jpg | D11: 2400x1080 (landscape) | E11: JPG (quality 85) | F11: Random loading screen behind the progress bar + tips | G11: High | H11: Bottom 20 % will be covered by the loading bar and tip text – keep it calm (sky or ground). | I11: a terraced mountain village with prayer-flag-like coloured cloth and kites over snowy peaks, cinematic wide composition, layered depth, soft atmospheric haze, festival sky full of colourful paper kites, classical hand-painted South Asian miniature painting style blended with premium mobile game art, gouache and watercolour texture on aged ivory wasli paper, fine gold-leaf filigree accents, warm golden-hour light, rich jewel tones (saffron, indigo, vermilion, emerald, ivory, antique gold), delicate brushwork, elegant composition, crisp readable silhouette, masterpiece, highly detailed, original design | J11: text, letters, numbers, watermark, logo, brand name, signature, frame text, blurry, low resolution, jpeg artifacts, photograph, plastic 3D render, oversaturated neon, extra fingers, deformed hands, distorted face, glass-coated string, metal wire string, nylon string, blades, blood, weapons, real-world flags, copyrighted characters | K11: To do
A12: 11 | B12: Loading screens | C12: loading_06_storm.jpg | D12: 2400x1080 (landscape) | E12: JPG (quality 85) | F12: Random loading screen behind the progress bar + tips | G12: High | H12: Bottom 20 % will be covered by the loading bar and tip text – keep it calm (sky or ground). | I12: an island archipelago under dramatic storm clouds with brave kites cutting through the wind, cinematic wide composition, layered depth, soft atmospheric haze, festival sky full of colourful paper kites, classical hand-painted South Asian miniature painting style blended with premium mobile game art, gouache and watercolour texture on aged ivory wasli paper, fine gold-leaf filigree accents, warm golden-hour light, rich jewel tones (saffron, indigo, vermilion, emerald, ivory, antique gold), delicate brushwork, elegant composition, crisp readable silhouette, masterpiece, highly detailed, original design | J12: text, letters, numbers, watermark, logo, brand name, signature, frame text, blurry, low resolution, jpeg artifacts, photograph, plastic 3D render, oversaturated neon, extra fingers, deformed hands, distorted face, glass-coated string, metal wire string, nylon string, blades, blood, weapons, real-world flags, copyrighted characters | K12: To do
A13: 12 | B13: Store listing | C13: play_feature_graphic.png | D13: 1024x500 | E13: PNG/JPG (no transparency) | F13: Google Play feature graphic | G13: Critical | H13: No text in the image (Play adds its own). Two rival kites crossing strings in the centre. | I13: Two ornate paper kites, one saffron and one indigo, crossing strings dramatically in a glowing festival sky above old city rooftops, sense of a friendly rooftop duel, cinematic wide composition, layered depth, soft atmospheric haze, festival sky full of colourful paper kites, classical hand-painted South Asian miniature painting style blended with premium mobile game art, gouache and watercolour texture on aged ivory wasli paper, fine gold-leaf filigree accents, warm golden-hour light, rich jewel tones (saffron, indigo, vermilion, emerald, ivory, antique gold), delicate brushwork, elegant composition, crisp readable silhouette, masterpiece, highly detailed, original design | J13: text, letters, numbers, watermark, logo, brand name, signature, frame text, blurry, low resolution, jpeg artifacts, photograph, plastic 3D render, oversaturated neon, extra fingers, deformed hands, distorted face, glass-coated string, metal wire string, nylon string, blades, blood, weapons, real-world flags, copyrighted characters | K13: To do
... A279: 278 | B279: Environment textures | C279: tex_fabric_rug.png | D279: 1024x1024 (tileable) | E279: PNG | F279: Optional upgrade for the procedural ArenaBuilder textures | G279: Low | H279: MUST tile seamlessly. Flat lighting, no shadows baked in. Code currently draws procedural textures – these replace them later. | I279: Seamless tileable texture of woven rug pattern, flat even lighting, top-down orthographic, stylised painterly, game texture, classical hand-painted South Asian miniature painting style blended with premium mobile game art, gouache and watercolour texture on aged ivory wasli paper, fine gold-leaf filigree accents, warm golden-hour light, rich jewel tones (saffron, indigo, vermilion, emerald, ivory, antique gold), delicate brushwork, elegant composition, crisp readable silhouette, masterpiece, highly detailed, original design | J279: text, letters, numbers, watermark, logo, brand name, signature, frame text, blurry, low resolution, jpeg artifacts, photograph, plastic 3D render, oversaturated neon, extra fingers, deformed hands, distorted face, glass-coated string, metal wire string, nylon string, blades, blood, weapons, real-world flags, copyrighted characters, perspective, shadows, objects | K279: To do
